{"cameraMode":{"drawMode":0,"name":"Shaded","section":"Shading Mode"},"sceneLighting":false,"audioPlay":false,"sceneViewState":{"m_AlwaysRefresh":false,"showFog":true,"showSkybox":false,"showFlares":true,"showImageEffects":true,"showParticleSystems":true,"showVisualEffectGraphs":true,"m_FxEnabled":true},"in2DMode":false,"pivot":{"x":0.3943444788455963,"y":1.3121240139007569,"z":-6.43304967880249},"rotation":{"x":-0.0005097271641716361,"y":-0.999459445476532,"z":0.016800224781036378,"w":-0.029712380841374399},"size":3.5247035026550295,"orthographic":false}